Date,Open,High,Low,close to 4 week average ratio,Volume,Nifty Close,Close
01-10-2007,76.094704,83.028801,73.049698,1.079544161,64078501,5185.850098,80.707397
08-10-2007,81.400803,89.1791,76.034401,1.126217827,68484878,5428.25,86.284897
15-10-2007,86.526001,97.0177,77.451401,1.060591546,66511550,5215.299805,84.566399
22-10-2007,85.320099,93.460197,75.974098,1.020829992,51276169,5702.299805,83.481102
29-10-2007,87.128998,87.128998,71.482002,0.944478813,68398358,5932.399902,79.109497
05-11-2007,79.591904,81.039001,74.466698,0.89981973,15630810,5663.25,75.009399
12-11-2007,74.677696,78.4161,71.632698,0.950777036,27839662,5906.850098,76.577103
19-11-2007,77.722702,78.355797,69.401703,0.921599923,19012592,5608.600098,72.386398
26-11-2007,74.677696,75.8535,70.0952,0.976026358,13783494,5762.75,73.954102
03-12-2007,74.768204,90.505699,74.466698,1.079943684,48018840,5974.299805,80.436096
10-12-2007,81.702301,85.802498,75.401299,1.121447318,73042623,6047.700195,85.048798
17-12-2007,84.717102,84.717102,76.275597,1.003577008,14787951,5766.5,78.235199
24-12-2007,78.506599,82.606796,77.059402,1.000285214,18791677,6079.700195,79.4412
31-12-2007,79.591904,84.958298,79.591904,1.024722933,21717403,6274.299805,82.787697
07-01-2008,81.400803,85.259804,80.5868,1.036584437,45174371,6200.100098,84.3554
14-01-2008,84.415703,90.143898,81.129501,1.012808702,42474231,5705.299805,82.245003
21-01-2008,78.6875,84.475998,57.945301,0.865865615,23856621,5383.350098,71.180496
28-01-2008,70.818703,78.386002,66.326599,0.919025793,28881079,5317.25,73.652702
04-02-2008,75.401299,78.084503,62.105801,0.89641838,16679185,5120.350098,69.793701
11-02-2008,67.653099,69.853996,60.5079,0.916420847,15714820,5302.899902,68.0149
18-02-2008,68.979698,68.979698,63.160999,0.921600375,11843954,5110.75,65.120697
25-02-2008,65.180901,70.426804,64.849297,0.958795612,11690662,5223.5,66.296402
03-03-2008,65.120697,65.120697,58.6689,0.890929833,19815472,4771.600098,59.965302
10-03-2008,59.091,62.6786,56.317299,0.897256845,18171222,4745.799805,58.186501
17-03-2008,58.186501,59.392399,53.061298,0.88282153,35419170,4573.950195,55.0812
24-03-2008,55.774601,63.311699,55.292301,1.046193038,30802242,4942,62.648499
31-03-2008,62.5882,63.9147,58.487999,1.015849034,16037706,4647,59.904999
07-04-2008,60.2668,61.743999,58.216702,1.017642167,18987967,4777.799805,59.995399
14-04-2008,59.693901,61.442501,58.487999,1.01446409,11887130,4958.399902,60.2668
21-04-2008,60.899899,67.834,60.8396,1.068288382,114162709,5111.700195,64.849297
28-04-2008,65.422096,67.834,62.889702,1.069521528,184392248,5228.200195,65.512604
05-05-2008,65.8442,66.326599,60.296902,0.994105531,141024732,4982.600098,62.286701
12-05-2008,62.5882,66.929604,60.688801,1.050899969,102886766,5157.700195,66.447197
19-05-2008,66.266296,68.738503,63.974998,0.996974914,125141995,4946.549805,64.578003
26-05-2008,63.432301,67.713402,63.432301,1.014792629,74993024,4870.100098,65.6633
02-06-2008,65.904503,66.175797,61.2617,0.977880488,33548248,4627.799805,63.311699
09-06-2008,63.0103,67.532501,56.890099,1.003246894,74913670,4517.100098,65.211098
16-06-2008,65.422096,67.532501,62.889702,0.979145098,33856406,4347.549805,63.3419
23-06-2008,62.2565,63.854401,57.4328,0.912666594,79203880,4136.649902,58.7593
30-06-2008,58.307098,59.3321,51.312698,0.851197022,44410571,4016,53.3326
07-07-2008,53.6642,56.9203,50.378101,0.844399336,83351886,4049,50.800098
14-07-2008,50.649399,51.192101,44.619701,0.859809276,83779114,4092.25,48.629501
21-07-2008,49.443501,56.5886,47.6647,1.007411563,57375647,4311.850098,53.272301
28-07-2008,53.6642,54.990799,51.252399,1.04068008,35309349,4413.549805,53.604
04-08-2008,52.458302,56.3475,52.458302,1.052169618,37547490,4529.5,54.2672
11-08-2008,54.4179,55.4128,51.614201,0.989938639,45077889,4430.700195,51.9156
18-08-2008,52.4282,52.7598,48.4184,0.928258887,35137673,4327.450195,49.443501
25-08-2008,51.1619,51.1619,47.936001,0.949856684,35586799,4360,49.6847
01-09-2008,49.714802,50.649399,48.056599,0.953303053,21864118,4352.299805,48.930901
08-09-2008,50.3479,52.880402,49.141998,1.002864892,29448338,4228.450195,50.136902
15-09-2008,48.930901,50.136902,42.810799,0.993610325,40080756,4245.25,49.232399
22-09-2008,50.046398,50.649399,46.549198,0.949595641,65121168,3985.25,47.0014
29-09-2008,46.8507,48.116901,40.097401,0.896574315,35337798,3818.300049,43.7756
06-10-2008,42.810799,43.534401,35.334,0.811162727,27737165,3279.949951,38.559898
13-10-2008,39.193001,47.2728,37.444401,0.854296873,41363346,3074.350098,38.137798
20-10-2008,39.1628,39.645199,21.4657,0.530692708,97078120,2584,22.2194
27-10-2008,22.2194,26.982901,20.5009,0.719204296,47531993,2885.600098,25.6563
03-11-2008,27.1336,31.957399,26.5306,0.921586821,50308208,2973,28.7013
10-11-2008,29.847,32.198601,28.038099,1.027068888,28925874,2810.350098,29.455
17-11-2008,29.9977,30.3293,24.0585,1.000852573,26418191,2693.449951,26.5306
24-11-2008,27.193899,29.243999,26.1387,1.02404498,28787689,2755.100098,28.2491
01-12-2008,28.8822,31.2941,22.3701,1.047517178,28573954,2714.399902,29.5756
08-12-2008,30.1485,33.464802,29.847,1.138012922,30403388,2921.350098,32.379398
15-12-2008,32.530201,35.213402,30.872,1.091942654,31940752,3077.5,31.866899
22-12-2008,31.957399,32.469898,28.7013,0.953323909,23484527,2857.25,29.0933
29-12-2008,29.243999,33.374298,28.641001,1.057639764,23499990,3046.75,32.5
05-01-2009,33.103001,33.103001,27.736601,0.889316262,27532380,2873,27.9778
12-01-2009,27.736601,28.219,25.2945,0.872889877,25725015,2828.449951,26.5005
19-01-2009,26.6814,27.073299,24.8423,0.889351056,27305296,2678.550049,25.8071
26-01-2009,26.470301,28.7013,26.0483,1.005076898,39882702,2874.800049,28.3395
02-02-2009,28.399799,28.7616,25.988001,0.994725887,23323440,2843.100098,27.013
09-02-2009,27.736601,31.655899,26.3799,1.153738479,55665867,2948.350098,31.0529
16-02-2009,31.354401,31.354401,27.766701,1.04030125,28845458,2736.449951,29.183701
23-02-2009,28.9727,30.4198,27.5858,0.980697999,31801810,2763.649902,28.3395
02-03-2009,27.193899,28.309401,25.324699,0.951487597,21935091,2620.149902,27.495399
09-03-2009,27.2843,27.9175,26.3799,0.919481526,13644146,2719.25,26.6814
16-03-2009,26.470301,29.485201,26.470301,0.999731423,40041625,2807.050049,27.9175
23-03-2009,28.038099,32.1684,28.038099,1.147692148,66248075,3108.649902,31.686001
30-03-2009,31.354401,31.5051,29.063101,1.082141671,43915678,3211.050049,30.781601
06-04-2009,31.354401,34.188301,30.932301,1.139325065,31860120,3342.050049,33.3442
13-04-2009,33.7663,35.273701,31.444799,1.052630168,46385327,3384.399902,32.560299
20-04-2009,33.1633,37.5951,32.409599,1.137624132,66377495,3480.75,36.5098
27-04-2009,36.117802,39.072399,34.580299,1.054777242,52005750,3473.949951,35.123001
04-05-2009,36.178101,38.077499,35.2435,1.038141682,47284944,3620.699951,35.695801
11-05-2009,36.178101,40.278301,33.6758,1.121549993,57894891,3671.649902,39.223099
18-05-2009,41.6049,49.443501,40.820999,1.174242283,89996586,4238.5,43.021801
25-05-2009,44.016701,52.0061,41.3335,1.325978618,224325054,4448.950195,50.739799
01-06-2009,50.800098,52.277401,47.544102,1.184630138,112793027,4586.899902,49.956001
08-06-2009,50.468498,55.3526,45.222698,1.09822033,134855401,4583.399902,50.227299
15-06-2009,50.046398,53.4231,46.036701,0.997357518,104267295,4313.600098,48.358101
22-06-2009,48.8405,50.0163,45.614601,0.962178088,63289848,4375.5,47.936001
29-06-2009,47.936001,48.4184,42.569599,0.913304035,96630585,4424.25,44.860901
06-07-2009,45.644699,45.644699,39.9165,0.851922034,54404801,4003.899902,40.7607
13-07-2009,39.796001,46.066799,38.1679,0.980445322,50415765,4374.950195,44.5896
20-07-2009,45.222698,49.9258,43.896099,1.104077964,65249574,4568.549805,49.1721
27-07-2009,49.7449,49.9258,45.071899,1.061512431,51039464,4636.450195,47.604401
03-08-2009,48.116901,48.900799,43.715199,0.966726495,47765680,4481.399902,44.016701
10-08-2009,44.68,47.875702,43.564499,1.015449081,45061753,4580.049805,47.061699
17-08-2009,47.031601,50.3479,45.554298,1.063071546,87785731,4528.799805,49.9258
24-08-2009,50.3479,51.131802,47.815399,1.043479475,50375085,4732.350098,49.202301
31-08-2009,49.0214,49.443501,47.0919,1.02076429,38778731,4680.399902,48.539001
07-09-2009,48.237499,50.167,46.217602,0.95185098,51445258,4829.549805,46.3382
14-09-2009,46.187401,46.549198,45.071899,0.954157449,51909151,4976.049805,46.277901
21-09-2009,46.2477,47.2728,44.9212,0.962305669,38663618,4958.950195,45.795502
28-09-2009,45.885899,46.639599,44.408699,0.950169682,31328652,5083.399902,44.408699
05-10-2009,44.318199,44.318199,36.690701,0.823877843,158146479,4945.200195,37.655399
12-10-2009,37.987,38.891499,36.781101,0.878115254,57657007,5142.149902,38.228199
19-10-2009,38.59,38.8312,35.183201,0.854600981,55689113,4997.049805,35.484699
26-10-2009,35.876701,35.937,31.083,0.805882815,84602768,4711.700195,31.384501
02-11-2009,31.2036,32.982399,29.364599,0.853220404,70829658,4796.149902,30.4499
09-11-2009,30.7514,31.1434,28.821899,0.896796948,77913799,4998.950195,30.389601
16-11-2009,30.4499,31.535299,29.786699,0.964119148,49621200,5052.450195,30.781601
23-11-2009,30.781601,30.902201,28.942499,0.959803465,42015713,4941.75,29.515301
30-11-2009,29.847,33.404499,29.6359,1.090096756,64772463,5108.899902,33.0126
07-12-2009,33.223598,37.0826,32.560299,1.165001205,94858054,5117.299805,36.027401
14-12-2009,35.9972,35.9972,32.711102,1.062004709,53109113,4987.700195,34.3391
21-12-2009,34.610401,36.600201,34.3391,1.060797128,25463427,5178.399902,35.2435
28-12-2009,35.2435,36.178101,34.610401,1.009134088,14013608,5201.049805,34.972198
04-01-2010,35.0928,37.2635,34.7612,1.038817155,27648659,5244.75,36.5098
11-01-2010,36.781101,37.776001,34.700901,1.01389294,30850967,5252.200195,35.7561
18-01-2010,35.725899,37.534801,33.7663,1.050358798,47745582,5036,37.4142
25-01-2010,37.384102,37.987,34.7612,0.974571451,41270920,4882.049805,35.2435
01-02-2010,35.153099,37.203201,33.7663,0.941127601,27369276,4718.649902,34.0979
08-02-2010,34.6707,35.454601,33.886902,0.988365222,15736664,4826.850098,35.213402
15-02-2010,35.273701,35.876701,34.0979,0.989596335,16144648,4844.899902,35.123001
22-02-2010,34.851601,37.293598,33.223598,1.055039504,28849037,4922.299805,36.8414
01-03-2010,36.781101,37.866501,36.479599,1.057617133,16298993,5088.700195,37.353901
08-03-2010,37.4142,37.987,36.057499,1.006256759,16405590,5137,36.359001
15-03-2010,36.4193,41.665199,35.695801,1.13990029,50078213,5262.799805,41.5144
22-03-2010,40.881302,41.6049,39.102501,1.057890242,26134713,5282,40.217999
29-03-2010,40.097401,41.062199,38.8312,1.002328169,19768414,5290.5,38.951801
05-04-2010,39.193001,41.484299,38.288502,1.032829228,69765728,5361.75,40.549702
12-04-2010,40.700401,41.665199,40.3386,1.008227141,24240207,5262.600098,40.640099
19-04-2010,40.127602,41.303398,39.2533,0.98589921,17134166,5304.100098,39.524601
26-04-2010,39.6754,40.3386,36.5098,0.923717113,35105984,5278,36.871601
03-05-2010,36.781101,39.615101,36.178101,0.970345038,44317086,5018.049805,38.228199
10-05-2010,38.288502,39.313599,32.409599,0.886989647,100998071,5093.5,34.429501
17-05-2010,34.0075,37.776001,30.781601,0.83980626,58517800,4931.149902,31.2941
24-05-2010,31.957399,32.5,29.243999,0.85977185,96468069,5066.549805,30.268999
31-05-2010,30.268999,34.9119,29.243999,1.005391094,87357867,5135.5,33.736099
07-06-2010,32.5905,33.886902,31.957399,1.011387557,50231454,5119.350098,32.801498
14-06-2010,33.404499,33.706001,31.866899,1.009177936,41364292,5262.600098,32.319099
21-06-2010,32.560299,34.459702,32.047798,1.056270017,28388563,5269.049805,34.0979
28-06-2010,34.429501,36.2384,34.0075,1.052154617,45755042,5237.100098,34.972198
05-07-2010,34.972198,40.790901,34.550098,1.19883123,80782735,5352.450195,40.217999
12-07-2010,40.519501,42.871101,33.1633,1.106237567,130459303,5393.899902,39.1628
19-07-2010,39.072399,41.695301,38.228199,1.115353287,66372745,5449.100098,41.393799
26-07-2010,41.544601,42.871101,40.308498,1.093302722,64927341,5367.600098,42.569599
02-08-2010,42.871101,45.463902,41.936501,1.056478278,66358568,5439.25,43.142399
09-08-2010,43.263,44.077,42.207802,1.053853795,40678496,5452.100098,43.805698
16-08-2010,43.866001,45.162399,40.489399,0.986416952,26856488,5530.649902,42.147499
23-08-2010,41.1828,45.222698,40.5798,0.979275991,34180092,5408.700195,42.026901
30-08-2010,41.634998,43.715199,41.634998,1.004933887,21130810,5479.399902,42.991699
06-09-2010,43.112301,46.820499,42.841,1.08270257,73188445,5640.049805,46.277901
13-09-2010,46.4286,48.237499,44.1675,1.07283273,53705399,5884.950195,46.5191
20-09-2010,47.031601,47.333099,45.554298,1.049167761,30904413,6018.299805,46.639599
27-09-2010,47.031601,47.2728,43.323299,0.972401765,32500053,6143.399902,44.3484
04-10-2010,44.800598,45.7654,42.388699,0.928478363,36950631,6103.450195,42.660099
11-10-2010,42.961498,45.192501,42.539501,0.967872076,33661975,6062.649902,43.5947
18-10-2010,42.207802,44.619701,41.9063,0.997447603,43115172,6066.049805,44.197601
25-10-2010,44.318199,44.559399,38.710602,0.930666221,42016830,6017.700195,40.6703
01-11-2010,40.8512,42.0872,39.886398,0.95560208,19432479,6312.450195,40.881302
08-11-2010,40.941601,42.7505,39.796001,0.990564178,16526360,6071.649902,41.936501
15-11-2010,39.976799,46.0065,39.976799,1.062926605,58625741,5890.299805,44.559399
22-11-2010,45.5242,45.735199,40.097401,1.000357649,40388802,5751.950195,42.026901
29-11-2010,44.318199,44.318199,41.0019,0.998755077,37928646,5992.799805,42.298302
06-12-2010,42.5093,42.871101,39.8563,0.984822069,31730845,5857.350098,42.057098
13-12-2010,42.449001,42.991699,40.308498,0.960140235,29650439,5948.75,41.032001
20-12-2010,40.9114,42.7505,39.6754,1.011344897,33511240,6011.600098,42.3284
27-12-2010,42.690201,42.720402,40.640099,1.000180084,23840695,6134.5,41.936501
03-01-2011,42.0872,43.3535,40.1577,0.972078349,14393498,5904.600098,40.6703
10-01-2011,40.519501,41.544601,39.2533,0.983832914,18629315,5654.549805,40.820999
17-01-2011,40.700401,42.5093,40.248199,0.997452886,25426738,5696.5,41.3335
24-01-2011,41.152599,43.8358,40.790901,1.027629668,31958093,5512.149902,42.3284
31-01-2011,41.0019,43.8358,39.554798,1.021541218,23989147,5395.75,42.1777
07-02-2011,42.388699,43.112301,34.7612,0.921129583,52175660,5310,38.379002
14-02-2011,37.5047,39.615101,31.384501,0.932622773,49033681,5458.950195,38.288502
21-02-2011,38.379002,38.8312,34.550098,0.87392479,49445458,5303.549805,35.213402
28-02-2011,35.273701,36.871601,33.5854,0.944030378,34306115,5538.75,36.359001
07-03-2011,36.147999,37.866501,35.334,0.986781488,17997949,5445.450195,36.570099
14-03-2011,36.6605,38.228199,35.303799,0.998971475,24269838,5373.700195,36.570099
21-03-2011,36.6605,39.132702,35.906799,1.069999481,22525273,5654.25,38.710602
28-03-2011,38.710602,41.243099,38.077499,1.104148301,27670014,5826.049805,40.9114
04-04-2011,41.0019,48.780201,39.0121,1.037301139,63705492,5842,39.615101
11-04-2011,39.2533,40.549702,37.987,1.03328212,14535875,5824.549805,40.248199
18-04-2011,40.097401,42.1777,39.796001,1.020793778,11670626,5884.700195,40.700401
25-04-2011,40.700401,42.5093,40.217999,1.02912711,24997899,5749.5,41.544601
02-05-2011,41.9063,41.9063,38.379002,0.955923874,12646144,5551.450195,38.740799
09-05-2011,37.444401,41.303398,37.444401,1.007479837,7289894,5544.75,40.610001
16-05-2011,39.946701,41.9063,39.796001,1.006716746,6383615,5486.350098,40.6703
23-05-2011,40.3386,40.700401,37.564999,1.003918573,24854607,5476.100098,40.549702
30-05-2011,40.5798,43.564499,40.097401,1.055950359,13400932,5516.75,42.388699
06-06-2011,42.207802,43.986599,40.398899,1.058931717,15523537,5485.799805,43.474098
13-06-2011,43.293201,47.212502,43.112301,1.120893336,71648237,5366.399902,46.820499
20-06-2011,46.820499,48.539001,44.68,1.043507912,48551609,5471.25,45.192501
27-06-2011,45.041801,48.8405,44.7705,1.069152809,43334539,5627.200195,47.544102
04-07-2011,47.936001,50.950901,45.7654,1.075934573,26116143,5660.649902,49.232399
11-07-2011,49.292702,49.322899,46.941101,1.038006854,42918749,5581.100098,48.991199
18-07-2011,49.292702,51.794998,47.122002,1.07862266,18713225,5633.950195,51.4935
25-07-2011,51.855301,57.523201,51.523701,1.15359937,296580939,5482,56.890099
01-08-2011,57.282101,60.116001,55.473099,1.120094573,101083250,5211.25,57.8549
08-08-2011,56.558498,58.789501,55.473099,1.048325589,88587000,5072.950195,56.4077
15-08-2011,56.6791,58.879902,54.0863,1.018281026,48508322,4845.649902,56.6791
22-08-2011,56.6791,60.206501,54.9305,1.014688928,80378994,4747.799805,57.794601
29-08-2011,60.206501,61.3521,57.794601,1.057070535,36553607,5040,60.447601
05-09-2011,61.412399,62.527901,57.131302,1.003519671,49938486,5059.450195,58.035801
12-09-2011,57.734299,61.321899,56.8298,0.991329275,42246466,5084.25,57.734299
19-09-2011,57.734299,60.447601,56.166599,0.995104984,35593899,4867.75,58.216702
26-09-2011,58.035801,61.442501,57.2519,1.013373434,35831944,4943.25,59.392399
03-10-2011,59.091,60.296902,51.885502,0.932694941,37672854,4888.049805,54.4179
10-10-2011,53.965698,59.452801,51.9156,1.000918762,49330603,5132.299805,57.493099
17-10-2011,57.4328,59.030701,54.4179,0.960987713,34732432,5049.950195,55.141499
24-10-2011,55.774601,58.156399,54.9305,0.984689869,21372413,5360.700195,55.744499
31-10-2011,56.076099,59.543201,55.3526,1.059269214,40507942,5284.200195,59.0005
07-11-2011,59.091,59.241699,56.498199,1.006630371,10001163,5168.850098,57.221802
14-11-2011,57.8549,62.196301,56.709202,1.050311204,46780990,4905.799805,59.633598
21-11-2011,59.3321,61.0205,53.784801,0.996614898,85782473,4710.049805,57.704102
28-11-2011,58.487999,60.236599,55.3526,1.001162879,144949578,5050.149902,58.457901
05-12-2011,58.367401,59.060799,50.167,0.893777003,73971906,4866.700195,52.066399
12-12-2011,53.1819,53.302502,48.2677,0.889124101,64308297,4651.600098,50.649399
19-12-2011,50.5891,51.282501,47.031601,0.867768203,41437740,4714,47.483799
26-12-2011,47.483799,50.197201,47.483799,0.951308273,38330249,4624.299805,49.624401
02-01-2012,49.563999,51.312698,48.388302,0.990948024,28360507,4754.100098,49.503799
09-01-2012,49.141998,52.036201,48.719898,1.044780206,32255869,4866,51.523701
16-01-2012,50.528801,54.689301,49.443501,1.026171437,33047747,5048.600098,50.830299
23-01-2012,50.950901,58.4277,50.860401,1.12883423,46314212,5204.700195,56.860001
30-01-2012,56.739399,60.1763,53.543701,1.082767239,92295669,5325.850098,56.498199
06-02-2012,57.282101,59.392399,53.6642,1.036477288,30696542,5381.600098,55.895199
13-02-2012,56.076099,58.0056,54.297401,0.997260615,24414205,5564.299805,54.870201
20-02-2012,54.870201,57.282101,53.694401,1.00080668,29415963,5429.299805,56.076099
27-02-2012,55.292301,58.035801,55.111401,1.02591884,23960395,5359.350098,57.282101
05-03-2012,57.070999,58.608601,55.8349,1.012105856,37389651,5333.549805,56.709202
12-03-2012,57.282101,60.568199,56.6791,1.0577671,47948349,5317.899902,59.482899
19-03-2012,59.693901,60.4175,57.402599,1.029682814,22462495,5278.200195,59.091
26-03-2012,58.970402,61.623402,57.3424,1.024629626,28668157,5295.549805,59.573299
02-04-2012,59.2719,61.0205,58.457901,1.026445096,6543490,5322.899902,60.2668
09-04-2012,59.392399,60.236599,57.613701,0.980272979,22961367,5207.450195,58.4277
16-04-2012,55.443001,58.789501,51.855301,0.896227993,33674881,5290.850098,53.1819
23-04-2012,53.362801,54.809898,45.373402,0.844599966,87140771,5190.600098,48.870602
30-04-2012,48.900799,49.2626,47.031601,0.859327639,22811205,5086.850098,47.4235
07-05-2012,47.333099,50.046398,39.554798,0.951856028,12030542,4928.899902,49.473598
14-05-2012,50.197201,51.071499,47.483799,0.988029089,25409849,4891.450195,49.141998
21-05-2012,49.4133,50.227299,42.388699,0.960247776,32846934,4920.399902,46.790401
28-05-2012,46.187401,48.961102,44.1675,0.952470462,23708399,4841.600098,45.9161
04-06-2012,45.7654,47.905899,44.619701,0.995272407,24830945,5068.350098,47.604401
11-06-2012,47.785301,48.207401,45.463902,0.979631328,11353296,5139.049805,46.398499
18-06-2012,46.609501,47.2728,45.222698,0.981752386,11889438,5146.049805,45.8256
25-06-2012,46.036701,46.730099,44.227798,0.984256899,16779241,5278.899902,45.705101
02-07-2012,45.705101,52.548801,45.373402,1.110173008,31794300,5316.950195,51.493599
09-07-2012,51.282501,52.156799,48.8405,1.056818889,12457479,5227.25,50.046398
16-07-2012,49.8354,52.367901,47.694801,1.020612667,26510403,5205.100098,49.2626
23-07-2012,48.870602,49.714802,46.760201,0.983122768,18505170,5099.850098,48.297798
30-07-2012,48.5089,49.624401,47.182301,0.983646507,6047172,5215.700195,48.961102
06-08-2012,50.046398,50.076599,43.3535,0.90797534,26363021,5320.399902,44.619701
13-08-2012,45.283001,45.9161,43.413799,0.953943969,9141782,5366.299805,45.584499
20-08-2012,45.584499,46.036701,43.112301,0.964940791,19095779,5386.700195,45.222698
27-08-2012,45.283001,45.9161,44.318199,0.976453999,13644959,5258.5,45.0116
03-09-2012,45.132198,47.634602,44.800598,1.051963999,16032007,5342.100098,47.453701
10-09-2012,47.544102,51.373001,47.453701,1.105444615,20059878,5577.649902,50.649399
17-09-2012,51.131802,54.2672,50.046398,1.126299961,13547566,5691.149902,53.031101
24-09-2012,53.061298,53.905399,50.739799,1.048878941,24192548,5703.299805,51.4333
01-10-2012,51.553902,51.855301,48.870602,0.97395483,9716160,5746.950195,49.322899
08-10-2012,49.1721,52.126701,47.483799,0.944992719,21645047,5676.049805,48.297798
15-10-2012,48.237499,49.624401,47.152199,0.977473401,17354936,5684.25,49.383202
22-10-2012,48.961102,51.252399,48.5089,0.993618177,6146283,5664.299805,49.292702
29-10-2012,49.322899,52.639198,49.081699,1.062816141,10570585,5697.700195,52.156799
05-11-2012,52.3377,57.191601,51.0112,1.128841653,17535389,5686.25,56.196701
12-11-2012,56.257,59.030701,54.9305,1.107908324,20704702,5574.049805,57.3424
19-11-2012,57.493099,58.729198,55.141499,1.040527721,21460126,5626.600098,55.9254
26-11-2012,56.377602,61.472698,56.076099,1.056181892,28178391,5879.850098,58.518101
03-12-2012,58.156399,60.538101,57.282101,1.026711696,15701464,5907.399902,58.518101
10-12-2012,58.7593,58.7593,55.653999,1.003272188,15406904,5879.600098,57.7644
17-12-2012,57.613701,60.146198,56.769501,1.020254319,18737903,5847.700195,58.8498
24-12-2012,58.367401,64.155899,57.915199,1.072516862,21757284,5908.350098,62.648499
31-12-2012,62.708801,66.5075,62.407299,1.113223557,19997730,6016.149902,66.175797
07-01-2013,65.9347,68.075203,65.602997,1.082914019,16923551,5951.299805,66.447197
14-01-2013,66.417,74.466698,66.055298,1.113299892,65013688,6064.399902,70.728302
21-01-2013,71.029701,73.863701,66.929604,1.02822186,63781159,6074.649902,68.376701
28-01-2013,68.436996,69.642899,66.899399,0.993676084,53656562,5998.899902,67.502403
04-02-2013,67.894302,69.492203,64.698601,0.971181606,20490230,5903.5,66.296402
11-02-2013,66.628098,68.406799,63.130901,0.969068207,22713598,5887.399902,66.115601
18-02-2013,66.266296,69.250999,64.638298,1.027081349,26530910,5850.299805,68.889198
25-02-2013,69.311302,72.3563,68.0149,1.042171994,40767622,5719.700195,70.034897
04-03-2013,70.245903,70.517197,67.623001,1.034666607,22217973,5945.700195,70.1856
11-03-2013,70.366501,72.295998,66.447197,0.983239549,23144653,5872.600098,67.653099
18-03-2013,66.808998,68.5877,63.764,0.932897043,18995836,5651.350098,64.547798
25-03-2013,64.879501,69.371597,64.125801,1.008411256,9609314,5682.549805,68.6782
01-04-2013,68.135498,69.642899,61.533001,0.920475483,31201931,5553.25,62.377102
08-04-2013,61.743999,67.773697,60.960201,1.014658743,24486409,5528.549805,66.778801
15-04-2013,65.512604,69.3414,65.512604,1.033667364,14184277,5783.100098,67.803902
22-04-2013,68.225899,77.541801,67.140602,1.111337935,45677911,5871.450195,73.803398
29-04-2013,74.165199,82.636902,73.471802,1.199866172,49992461,5944,81.219902
06-05-2013,80.797897,81.400803,75.190201,1.046845676,31271744,6094.75,75.793198
13-05-2013,76.396202,80.014,76.335899,1.0653204,30790288,6187.299805,79.531601
20-05-2013,79.380898,79.893402,77.18,1.002913867,25278589,5983.549805,77.813103
27-05-2013,77.933701,83.571503,77.210197,1.005466955,27349497,5985.950195,79.019096
03-06-2013,78.6875,83.390602,76.727798,0.992852949,35094322,5881,77.481499
10-06-2013,77.210197,82.908203,74.949097,1.047454912,37164906,5808.399902,82.1847
17-06-2013,81.491302,90.867401,81.461098,1.065726759,57724794,5667.649902,84.325203
24-06-2013,85.0186,87.732002,81.702301,1.056561313,58299083,5842.200195,85.320099
01-07-2013,84.717102,89.1791,82.7575,1.007048982,31469517,5867.899902,82.908203
08-07-2013,82.064102,88.485703,80.888298,1.050527268,26888345,6009,87.912903
15-07-2013,87.309898,98.615601,87.309898,1.066146919,62169111,6029.200195,90.746803
22-07-2013,89.8424,100.032997,89.510696,1.144793694,68528121,5886.200195,99.278801
29-07-2013,98.886902,106.363998,90.053398,1.062411283,88549839,5677.899902,95.841904
05-08-2013,96.022797,97.258904,90.746803,1.018874165,41678735,5565.649902,95.208801
12-08-2013,96.354401,106.905998,94.786697,1.087656205,41094706,5507.850098,103.620003
19-08-2013,103.710999,104.795998,93.641098,0.959975833,43637595,5471.75,94.545502
26-08-2013,95.269096,99.519997,85.500999,0.990860098,52166380,5471.799805,96.414703
02-09-2013,95.630898,98.193497,89.570999,0.97826667,51172947,5680.399902,95.329399
09-09-2013,95.329399,102.504997,95.329399,0.996521207,36344456,5850.600098,97.138298
16-09-2013,97.982498,101.810997,96.505203,1.022487967,33075036,6012.100098,98.012604
23-09-2013,97.228798,106.123001,96.022797,1.073169743,48539452,5833.200195,103.801003
30-09-2013,102.927002,107.629997,100.725998,1.056433586,25496930,5907.299805,104.133003
07-10-2013,103.710999,111.820999,103.227997,1.101872095,34289156,6096.200195,111.037003
14-10-2013,112.152,113.598999,108.473999,1.048942899,29117176,6189.350098,109.348
21-10-2013,108.835999,111.126999,101.780998,0.9671296,38175256,6144.899902,103.559998
28-10-2013,101.359001,106.001999,99.942101,0.949929705,64607659,6307.200195,101.661003
04-11-2013,101.661003,102.595001,96.927299,0.930792292,28604445,6140.75,99.037697
11-11-2013,99.1884,103.589996,94.696297,0.995989673,47377687,6056.149902,102.987
18-11-2013,103.108002,107.418999,103.108002,1.032870304,46310910,5995.450195,105.157997
25-11-2013,105.157997,108.233002,102.897003,1.035026351,49910616,6176.100098,105.791
02-12-2013,107.267998,107.871002,104.614998,1.031678303,33185800,6259.899902,106.514
09-12-2013,106.875999,110.764999,100.574997,0.981786169,37069362,6168.399902,103.197998
16-12-2013,103.408997,105.610001,100.876999,0.974124069,24462723,6274.25,102.444
23-12-2013,102.083,104.252998,99.218597,0.968620428,11525977,6313.799805,101.208
30-12-2013,102.806,103.529999,95.721298,0.948147381,21402927,6211.149902,97.982498
06-01-2014,97.711098,98.525101,94.786697,0.960383388,27039656,6171.450195,97.198601
13-01-2014,97.078003,102.625,87.792297,0.9131469,62878445,6261.649902,91.048302
20-01-2014,91.289497,94.304398,90.354897,0.949031764,41106872,6266.75,91.9226
27-01-2014,91.289497,91.952797,81.702301,0.915252066,84631317,6089.5,86.5261
03-02-2014,86.224602,92.314598,82.154503,0.908328284,49801664,6063.200195,83.269997
10-02-2014,84.234802,84.234802,75.793198,0.906589304,91696645,6048.350098,79.953697
17-02-2014,80.496399,81.099297,76.788101,0.908144765,38769281,6155.450195,77.571999
24-02-2014,77.782997,78.898499,75.431396,0.949801738,30745686,6276.950195,77.722702
03-03-2014,78.114601,82.7575,77.782997,1.027164563,63440803,6526.649902,81.792702
10-03-2014,81.039001,85.923103,81.039001,1.040319391,41815770,6504.200195,82.456001
17-03-2014,82.456001,84.415703,80.255203,1.010660862,20538337,6493.200195,80.737503
24-03-2014,81.400803,85.500999,80.255203,1.042974643,33163226,6695.899902,84.144302
31-03-2014,84.415703,88.214401,82.1847,1.026289559,30187504,6694.350098,84.445801
07-04-2014,84.898003,89.661499,84.415703,1.038437104,25682572,6776.299805,86.134102
14-04-2014,86.134102,87.2798,82.425903,1.007280366,16242964,6779.399902,84.475998
21-04-2014,84.717102,87.249603,82.636902,0.998666808,30251370,6782.75,84.686996
28-04-2014,85.0186,87.882698,79.471298,0.952701643,49552006,6694.799805,80.918404
05-05-2014,80.797897,82.305298,77.873497,0.974175218,33467438,6858.799805,81.883202
12-05-2014,81.5214,87.973198,81.5214,1.034964559,33224851,7203,85.892899
19-05-2014,87.430496,90.324799,83.933296,1.011395014,81027348,7367.100098,84.295097
26-05-2014,85.621597,85.832603,79.591904,0.998461219,84452559,7229.950195,83.119301
02-06-2014,83.209702,85.892899,81.551598,1.013131378,75640105,7583.399902,84.898003
09-06-2014,85.199501,89.510696,81.219902,0.964877877,81104481,7542.100098,81.581703
16-06-2014,82.667099,87.128998,81.008904,1.003340904,111972652,7511.450195,83.752403
23-06-2014,83.209702,84.325203,78.295502,0.944559953,77211260,7508.799805,78.717598
30-06-2014,78.988899,83.179604,78.988899,0.989826728,66697384,7751.600098,81.400803
07-07-2014,81.491302,82.727303,79.652199,0.995646397,66434477,7459.600098,81.008904
14-07-2014,81.008904,84.958298,80.074303,1.026355232,36505717,7663.899902,83.360497
21-07-2014,83.993599,92.525597,83.5112,1.111214627,112755554,7790.450195,90.143898
28-07-2014,90.897598,97.831703,89.239403,1.133369542,58236666,7602.600098,95.178703
04-08-2014,96.113297,100.093002,94.1838,1.103198248,67955952,7568.549805,96.444901
11-08-2014,98.163399,98.163399,91.410103,1.036743304,23343201,7791.700195,94.636002
18-08-2014,93.761703,98.4347,93.219002,0.997677227,51135375,7913.200195,93.882301
25-08-2014,94.3647,98.042801,91.470398,1.027202686,35768065,7954.350098,97.620697
01-09-2014,98.283997,106.001999,98.253799,1.046494656,81288507,8086.850098,100.093002
08-09-2014,100.424004,106.303001,99.429604,1.085938011,51597063,8105.5,104.856003
15-09-2014,104.314003,107.389,97.530197,1.053988843,74447572,8121.450195,104.463997
22-09-2014,104.314003,106.303001,98.042801,0.985412286,48394692,7968.850098,100.274002
29-09-2014,100.093002,103.319,97.891998,0.982564748,20044411,7945.549805,100.636002
06-10-2014,100.636002,101.57,91.651299,0.898361379,26431847,7859.950195,92.133698
13-10-2014,92.194,95.269096,87.581299,0.935607519,24526468,7779.700195,92.977798
20-10-2014,93.761703,100.212997,93.460197,1.001247868,27145251,8014.549805,96.625801
27-10-2014,97.168503,99.580299,92.917503,1.026569609,31355967,8322.200195,98.133202
03-11-2014,98.766296,102.203003,96.233902,1.068258759,22365082,8337,101.449997
10-11-2014,102.203003,102.504997,97.198601,1.006428825,26030276,8389.900391,97.922203
17-11-2014,97.319199,104.314003,97.319199,1.053162025,29896896,8477.349609,103.771004
24-11-2014,103.710999,104.102997,95.058098,0.953868192,36706416,8588.25,95.6912
01-12-2014,95.661003,99.1884,91.108597,0.925239168,45107174,8538.299805,92.254303
08-12-2014,92.254303,93.098396,85.048798,0.882698724,56622032,8224.099609,85.983398
15-12-2014,85.199501,89.7519,83.269997,0.933907526,40682336,8225.200195,88.184196
22-12-2014,88.154099,91.952797,87.068703,0.999749534,24305467,8200.700195,90.5056
29-12-2014,90.5961,97.047897,89.4505,1.080496222,17970249,8395.450195,96.414703
05-01-2015,96.384598,97.379501,87.792297,0.985889582,24693473,8284.5,88.998199
12-01-2015,88.696701,92.615997,87.189301,1.005548176,38786177,8513.799805,91.530701
19-01-2015,91.560799,102.172997,90.837303,1.108300099,36227629,8835.599609,101.810997
26-01-2015,101.810997,103.771004,92.615997,0.986071689,40607791,8808.900391,93.369797
02-02-2015,92.917503,95.269096,91.259399,0.995346189,21356197,8661.049805,93.490303
09-02-2015,92.284401,93.852097,90.445396,0.981049532,18321780,8805.5,93.249199
16-02-2015,92.796898,97.138298,90.294601,0.953269098,51441020,8833.599609,91.018204
23-02-2015,93.008003,94.002899,89.570999,1.005686738,47319637,8844.599609,93.309502
02-03-2015,92.314598,97.078003,89.8424,0.975300431,31513979,8937.75,90.475502
09-03-2015,89.239403,110.675003,86.284897,1.193319222,112731458,8647.75,109.801003
16-03-2015,109.589996,109.620003,104.042,1.096181466,118838323,8570.900391,105.399002
23-03-2015,105.550003,112.754997,100.123001,1.041562922,81220437,8341.400391,103.891998
30-03-2015,103.108002,114.834999,102.835999,1.116817087,54466727,8586.25,114.352997
06-04-2015,114.352997,119.990997,112.333,1.090906556,57729699,8780.349609,118.211998
13-04-2015,117.579002,123.005997,117.217003,1.075056112,46168394,8606,118.754997
20-04-2015,118.935997,118.935997,109.408997,0.967478884,45519175,8305.25,110.101997
27-04-2015,110.162003,120.292,104.765999,0.914737481,87571379,8181.5,105.519997
04-05-2015,107.267998,109.801003,101.299004,0.905943357,51712880,8191.5,102.504997
11-05-2015,102.504997,106.001999,99.489899,0.958940885,41458163,8262.349609,104.736
18-05-2015,105.338997,108.533997,99.972298,0.955363833,37828080,8458.950195,100.997002
25-05-2015,101.268997,105.820999,99.489899,1.009614306,50101107,8433.650391,104.433998
01-06-2015,104.675003,108.233002,101.599998,1.045004243,36796122,8114.700195,107.810997
08-06-2015,107.931,108.776001,99.489899,0.983554175,36012213,7982.899902,102.776001
15-06-2015,103.167999,106.725998,100.544998,1.017465586,31793144,8224.950195,105.820999
22-06-2015,106.334,107.267998,103.138,0.987467974,25259760,8381.099609,103.891998
29-06-2015,103.108002,111.067001,101.389,1.039809701,27636893,8484.900391,109.258003
06-07-2015,107.328003,110.042,104.795998,1.000211025,28341151,8360.549805,105.459
13-07-2015,106.061996,110.343002,104.946999,1.03083192,28326255,8609.849609,109.378998
20-07-2015,109.439003,112.454002,106.454002,1.007327292,34397540,8521.549805,107.780998
27-07-2015,106.334,106.905998,99.942101,0.968099734,28936590,8532.849609,104.525002
03-08-2015,105.519997,105.519997,98.283997,0.942689121,34353082,8564.599609,100.666
10-08-2015,101.178001,101.299004,93.852097,0.920834078,37118046,8518.549805,97.228798
17-08-2015,97.500099,98.736198,91.711601,0.896661318,31467898,8299.950195,91.952797
24-08-2015,89.8424,93.761703,85.0186,0.941516766,34476762,8001.950195,92.827103
31-08-2015,94.123497,94.636002,88.214401,0.939729775,29737908,7655.049805,89.902702
07-09-2015,89.299698,93.610901,86.405502,0.965628878,25134351,7789.299805,89.782097
14-09-2015,89.782097,90.324799,86.586304,0.974439514,21795446,7981.899902,88.787201
21-09-2015,88.304802,88.937897,83.6017,0.929572217,18399509,7868.5,83.963402
28-09-2015,84.506104,92.736603,82.697197,1.026518851,41966851,7950.899902,90.445396
05-10-2015,90.565903,96.625801,90.0233,1.079262414,32382096,8189.700195,95.238998
12-10-2015,95.269096,95.962502,88.937897,1.012027305,18629545,8238.150391,90.686501
19-10-2015,91.108597,92.555702,83.209702,0.940093649,44298430,8295.450195,84.686996
26-10-2015,85.169403,86.3452,83.873001,0.935204078,46728670,8065.799805,84.415703
02-11-2015,85.0186,85.561302,82.606796,0.946331581,35461226,7954.299805,83.993599
09-11-2015,81.461098,82.516296,76.486603,0.912391198,31538296,7762.25,78.4161
16-11-2015,78.386002,83.631798,77.813103,0.990541536,30960314,7856.549805,82.0942
23-11-2015,81.9133,90.294601,81.159599,1.055911517,57774714,7942.700195,86.827499
30-11-2015,86.767197,87.551102,82.606796,1.00964531,35138561,7781.899902,83.631798
07-12-2015,83.752403,84.295097,79.049202,0.960466444,16860300,7610.450195,79.471298
14-12-2015,79.591904,82.003799,77.8433,0.980659327,30007557,7761.950195,81.400803
21-12-2015,81.370697,85.862801,80.526497,1.027843404,22080530,7861.049805,85.139198
28-12-2015,85.259804,87.400398,83.541397,1.047741643,22602580,7946.350098,86.3452
04-01-2016,85.169403,85.862801,79.019096,0.965892988,22506379,7601.350098,80.255203
11-01-2016,79.833099,79.9235,67.231003,0.816290083,35716479,7437.799805,67.984802
18-01-2016,67.562698,72.3563,63.613201,0.806034189,55210573,7422.450195,64.4272
25-01-2016,65.120697,66.6884,61.683701,0.832023019,52226451,7563.549805,62.196301
01-02-2016,62.738899,64.4272,59.784401,0.889766748,39147833,7489.100098,61.141102
08-02-2016,61.201401,67.080299,58.608601,1.034068502,32259394,6980.950195,66.115601
15-02-2016,66.025101,67.743599,62.407299,1.029805396,32977161,7210.75,65.361801
22-02-2016,65.422096,66.899399,62.316799,0.999999996,26951816,7029.75,63.703701
29-02-2016,63.311699,66.145699,61.985199,0.994119117,29073950,7485.350098,63.703701
07-03-2016,63.703701,64.668404,61.080799,0.952136256,28910405,7510.200195,61.623402
14-03-2016,62.105801,62.407299,59.121101,0.96752814,44160283,7604.350098,61.533001
21-03-2016,61.623402,64.216202,61.201401,1.010227331,30382563,7716.5,63.281601
28-03-2016,63.613201,69.401703,62.407299,1.032662714,46595850,7713.049805,64.578003
04-04-2016,64.698601,68.919403,64.668404,1.047802485,30551987,7555.200195,65.753799
11-04-2016,66.085403,70.426804,65.572899,1.083776231,26926937,7850.450195,69.130402
18-04-2016,69.461998,73.562202,69.3414,1.079976763,31610617,7899.299805,70.939301
25-04-2016,70.818703,77.391098,69.522301,1.05742018,62338648,7849.799805,71.482002
02-05-2016,71.150299,73.110001,67.291298,0.993259766,32963706,7733.450195,68.8591
09-05-2016,69.040001,70.818703,66.206001,0.976668527,44068735,7814.899902,68.467102
16-05-2016,68.648003,69.130402,64.366898,0.941050066,28978857,7749.700195,65.814102
23-05-2016,66.175797,69.582603,63.492599,0.992424818,45599052,8156.649902,68.135498
30-05-2016,68.0149,73.441597,62.829399,0.937541772,396161467,8220.799805,63.583099
06-06-2016,63.854401,64.457397,62.196301,0.938456326,64879398,8170.049805,62.407299
13-06-2016,61.653599,62.045502,59.4226,0.938993621,60118636,8170.200195,61.0205
20-06-2016,60.5984,62.437401,58.216702,0.941037788,40935747,8088.600098,60.0256
27-06-2016,60.719002,65.211098,60.116001,1.035391961,125831978,8328.349609,63.944901
04-07-2016,63.613201,65.000099,60.5984,0.994393252,34832710,8323.200195,61.5028
11-07-2016,62.648499,67.321503,61.864601,1.087084523,45029859,8541.400391,66.989899
18-07-2016,67.683296,67.9245,61.864601,1.019345394,53486287,8541.200195,64.3368
25-07-2016,64.457397,65.8442,62.708801,0.983445406,36864366,8638.5,63.130901
01-08-2016,63.3419,64.5177,61.683701,1.000706375,32016501,8683.150391,64.035301
08-08-2016,64.035301,64.065498,55.774601,0.876602781,129795902,8592.150391,56.648899
15-08-2016,56.648899,57.462898,56.0158,0.909731512,43227050,8666.900391,56.437901
22-08-2016,57.282101,61.5028,56.196701,0.943154067,101605561,8572.549805,56.648899
29-08-2016,56.377602,57.4328,48.5993,0.871291991,214305590,8809.650391,50.9207
05-09-2016,50.9207,51.463402,49.5942,0.913786307,93861135,8866.700195,50.408199
12-09-2016,49.7449,51.885502,49.473598,0.957817925,49009118,8779.849609,51.3428
19-09-2016,50.830299,51.6744,49.503799,0.950597322,41101459,8831.549805,49.7449
26-09-2016,49.624401,50.167,47.031601,0.942507704,84327604,8611.150391,47.694801
03-10-2016,48.297798,49.805199,47.634602,0.968669702,52066289,8697.599609,48.237499
10-10-2016,48.539001,48.689701,44.890999,0.914461496,34668090,8583.400391,45.041801
17-10-2016,45.222698,48.5993,42.871101,1.011697812,83671769,8693.049805,48.237499
24-10-2016,47.0919,48.056599,44.649899,0.971318904,133493413,8638,45.946201
31-10-2016,45.946201,46.941101,43.1726,0.928272779,40142450,8433.75,43.5042
07-11-2016,44.559399,44.890999,39.6754,0.923280666,52024624,8296.299805,42.1777
14-11-2016,42.1777,43.896099,41.665199,0.953403008,36779993,8074.100098,42.871101
21-11-2016,42.871101,44.619701,42.479198,1.017969102,58599383,8114.299805,44.408699
28-11-2016,44.318199,48.1772,42.8409,1.024229087,107297283,8086.799805,44.288101
05-12-2016,43.805698,46.6698,43.232899,1.066110422,55608819,8261.75,46.307999
12-12-2016,45.8256,46.941101,44.9212,1.03321925,47418199,8139.450195,45.946201
19-12-2016,45.8256,46.5191,42.5093,0.943685329,44940454,7985.75,42.690201
26-12-2016,43.0821,44.951302,41.0923,0.997814582,54574070,8185.799805,44.710201
02-01-2017,44.9212,45.614601,43.534401,0.978686914,37560425,8243.799805,43.956402
09-01-2017,44.288101,45.493999,39.976799,0.935896129,82881048,8400.349609,41.484299
16-01-2017,41.9063,43.7756,40.308498,0.997732605,115162080,8349.349609,43.112301
23-01-2017,43.051998,47.182301,42.449001,1.085783945,109526214,8641.25,47.031601
30-01-2017,48.116901,71.753304,47.936001,1.503434854,986229057,8740.950195,65.995003
06-02-2017,66.929604,67.411903,64.2463,1.347977336,164199125,8793.549805,66.5979
13-02-2017,63.311699,67.653099,61.291801,1.146723838,139143978,8821.700195,63.854401
20-02-2017,67.110497,73.803398,64.276497,1.184744888,264739939,8939.5,72.115097
27-02-2017,71.451797,71.753304,65.211098,0.992815119,208728686,8897.549805,66.658203
06-03-2017,66.839104,67.442101,62.105801,0.933930514,102843044,8934.549805,62.859501
13-03-2017,62.859501,70.215698,61.321899,0.982058638,251413524,9160.049805,65.181
20-03-2017,66.266296,74.466698,53.965698,0.821695097,667726259,9108,54.809898
27-03-2017,54.5084,54.809898,51.4333,0.829869585,229877139,9173.75,51.7649
03-04-2017,51.6744,53.965698,50.950901,0.900539721,125127283,9198.299805,52.820099
10-04-2017,53.151699,53.784801,51.7649,0.925224865,49028729,9150.799805,51.945801
17-04-2017,52.277401,53.1819,50.830299,0.973467022,58373467,9119.400391,51.4333
24-04-2017,51.975899,52.247299,50.950901,0.996810488,67030253,9304.049805,51.825199
01-05-2017,51.825199,51.975899,48.961102,0.950725035,35837105,9285.299805,49.443501
08-05-2017,48.539001,56.076099,48.539001,1.088390879,141682341,9400.900391,55.6842
15-05-2017,55.473099,56.287201,50.980999,1.017361015,137659309,9427.900391,53.000999
22-05-2017,53.061298,53.392899,45.705101,0.916140167,77794616,9595.099609,48.0868
29-05-2017,48.8405,49.0214,46.880798,0.935087828,76182241,9653.5,48.207401
05-06-2017,48.237499,49.503799,47.212502,0.92895971,46233272,9668.25,47.604401
12-06-2017,47.514,48.0868,45.885899,0.952379746,73198959,9588.049805,46.880798
19-06-2017,47.453701,50.136902,46.730099,1.003160719,64070040,9574.950195,47.8456
26-06-2017,47.8456,51.6744,47.8456,1.079113774,71375155,9520.900391,51.403099
03-07-2017,51.403099,52.820099,49.353001,1.03766043,48304751,9665.799805,50.2575
10-07-2017,51.101601,54.6591,50.5891,1.092416562,104062771,9886.349609,53.634102
17-07-2017,53.6642,58.186501,52.247299,1.091718398,184901720,9915.25,55.443001
24-07-2017,54.568699,60.116001,52.789902,1.09356229,260192104,10014.5,57.613701
31-07-2017,57.221802,57.613701,54.538502,1.030571762,84762045,10066.40039,55.895199
07-08-2017,55.955502,57.282101,51.523701,0.934037151,68010488,9710.799805,51.975899
14-08-2017,52.066399,55.533401,51.131802,0.985808051,51304303,9837.400391,54.448101
21-08-2017,54.2672,55.0812,52.639198,0.986977392,36043332,9857.049805,54.2672
28-08-2017,54.056198,55.141499,52.277401,0.987751738,57264806,9974.400391,53.483398
04-09-2017,53.362801,53.814999,47.815399,0.896395753,78623806,9934.799805,47.9963
11-09-2017,48.358101,50.9207,46.4286,0.913941839,130713406,10085.40039,48.026501
18-09-2017,48.8405,50.4384,46.4286,0.925581047,103648649,9964.400391,47.152199
25-09-2017,47.604401,47.604401,45.071899,0.949870465,54782733,9788.599609,46.700001
02-10-2017,46.700001,47.453701,44.197601,0.938076119,36205021,9979.700195,44.529301
09-10-2017,44.740299,48.5993,43.0821,1.020863879,89431691,10167.4502,47.574299
16-10-2017,47.634602,55.412899,47.634602,1.183526429,174279506,10146.54981,55.020901
23-10-2017,55.231998,60.809399,55.231998,1.157255113,228146265,10323.04981,56.076099
30-10-2017,56.498199,66.808998,55.653999,1.258754177,224871123,10452.5,63.944901
06-11-2017,64.065498,64.095596,57.040901,1.050920805,147246928,10321.75,58.487999
13-11-2017,59.573299,59.633598,54.900299,0.983216265,122177958,10283.59961,57.402599
20-11-2017,57.282101,62.075699,56.6791,0.968179614,153761549,10389.7002,57.1012
27-11-2017,56.739399,58.4277,55.623901,0.949230714,120451596,10121.79981,56.226898
04-12-2017,56.257,59.663799,55.473099,1.012231568,70770584,10265.65039,58.0056
11-12-2017,58.307098,58.910099,54.990799,0.990114848,48515068,10333.25,56.618801
18-12-2017,56.528301,62.045502,53.965698,1.064937674,85904292,10493,60.688801
25-12-2017,60.688801,65.6633,60.085899,1.126562492,95086674,10530.7002,65.211098
01-01-2018,64.758904,71.693001,59.904999,1.16119326,216918089,10558.84961,69.823799
08-01-2018,66.386902,68.5877,61.412399,1.037992399,211704162,10681.25,65.482399
15-01-2018,65.572899,65.572899,59.814499,0.944598181,110132200,10894.7002,61.683701
22-01-2018,61.623402,61.623402,55.292301,0.874785385,131678337,11069.65039,57.3424
29-01-2018,56.618801,57.945301,52.6693,0.837364333,142338569,10760.59961,53.242199
05-02-2018,52.458302,53.8451,48.237499,0.849099468,129709000,10454.9502,50.468498
12-02-2018,50.890598,52.4282,48.930901,0.888467437,81075223,10452.29981,49.473598
19-02-2018,49.775101,51.071499,48.629501,0.941142424,65548395,10491.04981,49.533901
26-02-2018,49.805199,51.403099,49.353001,0.988102696,149685831,10458.34961,50.076599
05-03-2018,50.287601,50.287601,46.579399,0.953013951,99415489,10226.84961,47.544102
12-03-2018,47.7551,50.046398,46.157299,0.994172799,98373564,10195.15039,48.870602
19-03-2018,48.8405,49.0214,44.951302,0.955397531,83886946,9998.049805,46.820499
26-03-2018,46.549198,49.232399,45.433701,0.94697376,57102905,10113.7002,45.765301
02-04-2018,46.2477,47.2728,45.071899,0.956452497,64818709,10331.59961,45.192501
09-04-2018,44.9212,45.5242,43.3535,0.932321579,75324826,10480.59961,43.5042
16-04-2018,43.413799,44.5896,42.268101,0.942626051,134772535,10564.04981,42.720402
23-04-2018,43.232899,43.8358,40.730598,0.936533156,139904729,10692.29981,41.484299
30-04-2018,43.323299,43.323299,37.0826,0.871840241,121778290,10618.25,37.6856
07-05-2018,38.0172,38.228199,30.6007,0.749543638,215554918,10806.5,30.992599
14-05-2018,30.932301,32.439701,30.2087,0.821928417,174576172,10596.40039,31.4147
21-05-2018,31.535299,36.9319,31.3242,1.017887104,130689810,10605.15039,36.027401
28-05-2018,36.690701,38.107601,36.057499,1.095016687,131190624,10696.2002,37.2635
04-06-2018,37.866501,39.072399,33.3442,1.140191985,178155979,10767.65039,38.6805
11-06-2018,39.0121,39.705502,36.2686,1.020185325,139777673,10817.7002,36.570099
18-06-2018,37.806198,38.107601,36.2686,0.983154203,75800257,10821.84961,36.5098
25-06-2018,36.208302,36.298698,32.861801,0.960549314,168216122,10714.29981,35.786201
02-07-2018,35.5149,35.544998,32.289001,0.894155446,97062211,10772.65039,32.982399
09-07-2018,33.283901,34.369202,31.7463,0.907119927,124280287,11018.90039,32.1684
16-07-2018,31.957399,32.861801,29.1234,0.897566186,145875267,11010.2002,30.8419
23-07-2018,30.7213,36.9319,30.359501,1.03134262,290755339,11278.34961,33.977299
30-07-2018,34.218498,35.544998,31.987499,1.024356436,195596880,11360.79981,33.283901
06-08-2018,33.464802,34.429501,32.560299,1.007173419,79830181,11429.5,32.801498
13-08-2018,32.741199,32.741199,30.4198,0.937815767,57509731,11470.75,30.691099
20-08-2018,31.0529,33.133099,30.932301,0.961954443,116983590,11557.09961,31.444799
27-08-2018,31.535299,31.8971,29.4249,0.928285728,288982329,11680.5,29.7565
03-09-2018,30.4198,31.535299,27.495399,0.907155872,267425247,11589.09961,28.2792
10-09-2018,28.158701,29.364599,27.0432,0.930256382,147712069,11515.2002,27.947599
17-09-2018,27.857201,29.243999,24.8423,0.933504007,166790971,11143.09961,27.4049
24-09-2018,26.651199,26.9527,21.9179,0.819997115,201708381,10930.4502,23.244499
01-10-2018,23.365,23.6364,19.8678,0.757122779,198426331,10316.4502,20.229601
08-10-2018,20.4105,22.0084,19.6266,0.877363027,168169964,10472.5,21.676701
15-10-2018,21.948099,23.244499,21.5863,0.951141843,86750758,10303.54981,22.0084
22-10-2018,22.129,23.063601,20.5914,1.022482939,149439512,10030,22.279699
29-10-2018,22.4907,24.6614,21.978201,1.136059824,97379494,10553,24.480499
05-11-2018,24.601101,25.8071,24.2997,1.126665566,66657880,10585.2002,25.475401
12-11-2018,25.6262,26.470301,21.827499,1.100449908,334397840,10682.2002,25.9277
19-11-2018,25.475401,27.4652,24.0585,1.018429464,317524561,10526.75,24.993099
26-11-2018,25.113701,25.8372,21.1642,0.843992724,270857479,10876.75,21.2848
03-12-2018,21.4958,22.068701,19.898001,0.834569671,211609576,10693.7002,20.3804
10-12-2018,20.0186,22.731899,19.295,0.94301511,205558560,10805.4502,21.827499
17-12-2018,21.978201,23.425301,21.556101,1.043950578,164672810,10754,23.0937
24-12-2018,23.063601,23.0937,21.9179,1.044565902,100058217,10859.90039,22.6113
31-12-2018,22.731899,22.973101,21.0135,0.993142042,104827626,10727.34961,21.827499
07-01-2019,22.068701,22.6716,21.857599,0.995953424,79185444,10794.9502,22.249599
14-01-2019,22.3099,22.400299,20.712,0.945600581,120793808,10906.9502,21.224501
21-01-2019,21.224501,21.375299,19.4457,0.901232981,214146347,10780.54981,19.807501
28-01-2019,19.777399,19.777399,17.154499,0.875661991,203179314,10893.65039,18.631701
04-02-2019,18.6619,19.8678,17.365499,0.89952179,239606675,10943.59961,18.4207
11-02-2019,18.511101,19.295,17.7876,0.926643442,170394042,10724.40039,18.0891
18-02-2019,18.330299,18.933201,17.9685,0.976669443,180884037,10791.65039,18.3001
25-02-2019,18.27,18.691999,17.606701,0.981939323,214477336,10863.5,18.028799
04-03-2019,18.028799,19.9583,17.8479,1.077811673,302221642,11035.40039,19.6266
11-03-2019,19.7472,21.2848,19.656799,1.105863238,287695629,11426.84961,20.4708
18-03-2019,20.4708,20.561199,17.8479,1.016173765,368352809,11456.90039,19.4156
25-03-2019,19.355301,20.450001,17.033899,0.941427732,664501173,11623.90039,18.25
01-04-2019,18.25,18.25,14.9,0.838444967,446149821,11665.9502,16.299999
08-04-2019,16.700001,17.700001,15.9,0.862481217,323994937,11643.4502,16.049999
15-04-2019,16.049999,18.15,15.8,0.985494689,266535972,11752.79981,17.25
22-04-2019,17.35,17.75,16.049999,0.957995607,246570703,11754.65039,16.25
29-04-2019,16.25,16.549999,15.15,0.981017494,122996134,11712.25,16.15
06-05-2019,17.15,17.15,13.55,0.855403362,709925756,11278.90039,14.05
13-05-2019,14.05,15,11.6,0.74411303,935291711,11407.15039,11.85
20-05-2019,12.25,13.25,11.5,0.881646655,589779762,11844.09961,12.85
27-05-2019,12.65,14.05,12.6,1.016393443,745040548,11922.79981,13.95
03-06-2019,13.95,14.4,13.2,1.017077799,223782574,11870.65039,13.4
10-06-2019,13.3,13.55,12.3,0.960614793,184233159,11823.29981,12.5
17-06-2019,12.45,12.45,11.1,0.922201139,227204487,11724.09961,12.15
24-06-2019,12.15,12.65,11.85,0.934615385,314672284,11788.84961,12.15
01-07-2019,12.1,13.15,11.6,0.956175299,300849090,11811.15039,12
08-07-2019,11.95,12.05,11.2,0.959016393,180017827,11552.5,11.7
15-07-2019,11.7,12.5,10.7,0.9125,231841688,11419.25,10.95
22-07-2019,10.9,11,9.1,0.790598291,388640806,11284.29981,9.25
29-07-2019,8.75,8.9,6,0.578587699,1452818180,10997.34961,6.35
05-08-2019,6.25,6.25,5.1,0.559477124,666659600,11109.65039,5.35
12-08-2019,5.35,6.85,4.8,0.808777429,560734358,11047.79981,6.45
19-08-2019,6.4,6.45,5,0.839416058,641260970,10829.34961,5.75
26-08-2019,5.85,6.05,4.8,0.89539749,752921280,11023.25,5.35
02-09-2019,5.35,5.4,4.9,0.899563319,234633374,10946.2002,5.15
09-09-2019,5.2,6.05,5.1,0.95154185,347807792,11075.90039,5.4
16-09-2019,5.3,5.95,4.8,1.080831409,768490013,11274.2002,5.85
23-09-2019,5.95,6.05,5.1,1.03908046,446202298,11512.40039,5.65
30-09-2019,5.7,6.45,4.95,0.916099773,803517525,11174.75,5.05
07-10-2019,5.1,6.9,5,1.093394077,853815163,11305.04981,6
14-10-2019,6.05,6.75,5.9,1.135254989,804751154,11661.84961,6.4
21-10-2019,6.4,6.55,3.65,0.727272727,1547661410,11583.90039,4.2
28-10-2019,4.1,4.8,3.3,0.794457275,1822269461,11890.59961,4.3
04-11-2019,4.5,4.75,3.7,0.717703349,867926256,11908.15039,3.75
11-11-2019,3.8,4.05,2.4,0.782841823,1737911308,11895.4502,3.65
18-11-2019,3.95,8.15,3.9,1.647798742,3667755401,11914.40039,6.55
25-11-2019,6.25,7.2,5.7,1.501369863,2036304079,12056.04981,6.85
02-12-2019,7.5,8.8,6.65,1.326923077,2689116997,11921.5,6.9
09-12-2019,6.5,7.1,5.9,1.152400835,1329203763,12086.7002,6.9
16-12-2019,6.9,7.35,6.25,0.963235294,1189586561,12271.79981,6.55
23-12-2019,6.45,6.6,5.75,0.852941176,591356727,12245.79981,5.8
30-12-2019,5.8,6.35,5.75,0.933078394,540520219,12226.65039,6.1
06-01-2020,6.05,6.65,5.65,0.962524655,964033830,12256.79981,6.1
13-01-2020,6.1,6.35,3.65,0.733197556,530144943,12352.34961,4.5
20-01-2020,4.7,6.1,4.6,1.075555556,1770625381,12248.25,6.05
27-01-2020,5.85,6.05,4.7,0.923076923,1117837167,11962.09961,5.25
03-02-2020,5.2,5.55,4.95,0.95890411,542579750,12098.34961,5.25
10-02-2020,5.4,5.45,3.25,0.64608076,959324268,12113.4502,3.4
17-02-2020,3.7,5,2.8,0.882205514,3429852522,12080.84961,4.4
24-02-2020,4.8,5.05,3.5,0.841530055,2392898884,11201.75,3.85
02-03-2020,3.9,4.1,3.2,0.781065089,1453469295,10989.4502,3.3
09-03-2020,3.4,5.8,3.3,1.498327759,2502923927,9955.200195,5.6
16-03-2020,5.5,7.2,2.7,0.804664723,3018743861,8745.450195,3.45
23-03-2020,3.25,3.45,3.1,0.790123457,974997019,8660.25,3.2
30-03-2020,3.25,3.25,3,0.810289389,608580225,8083.799805,3.15
06-04-2020,3.15,3.3,3.15,0.857142857,383364954,9111.900391,3.3
13-04-2020,3.3,4.9,3.3,1.251908397,2453390335,9266.75,4.1
20-04-2020,4.1,4.5,3.6,1.163636364,1976023805,9154.400391,4
27-04-2020,4,4.4,3.9,1.154639175,1208189214,9859.900391,4.2
04-05-2020,4.05,4.4,3.9,1.076923077,1396891466,9251.5,4.2
11-05-2020,4.25,5.35,4.2,1.175757576,2438962660,9136.849609,4.85
18-05-2020,4.95,5.95,4.6,1.275362319,2487848575,9039.25,5.5
25-05-2020,5.5,7.8,5.5,1.397333333,2023203389,9580.299805,6.55
01-06-2020,6.45,10.75,6,1.990521327,4002038305,10142.15039,10.5
08-06-2020,11.55,12.6,8,1.481751825,2885502029,9972.900391,10.15
15-06-2020,10.8,10.8,9.05,1.119266055,3654376213,10244.40039,9.15
22-06-2020,9.2,10.75,9.05,1.144429161,1707653141,10383,10.4
29-06-2020,10.6,11.45,9.75,0.995024876,2944820085,10607.34961,10
06-07-2020,10.1,10.1,8.75,0.982367758,2208937839,10768.04981,9.75
13-07-2020,10,10.1,7,0.905852417,2888004666,10901.7002,8.9
20-07-2020,9.4,9.7,8.1,0.860435339,2658798869,11194.15039,8.4
27-07-2020,8.2,8.65,7.8,0.906882591,1359805452,11073.4502,8.4
03-08-2020,8.4,8.95,7.6,0.998589563,1904677799,11214.04981,8.85
10-08-2020,9,9.35,8.55,1.03617945,1253747329,11178.40039,8.95
17-08-2020,9.05,9.15,8.45,0.98265896,682420555,11371.59961,8.5
24-08-2020,8.65,10.45,8.4,1.16426513,1204712077,11647.59961,10.1
31-08-2020,10.5,13.5,7.65,1.324175824,2972608991,11333.84961,12.05
07-09-2020,13.25,13.25,10.55,1.126262626,1771486100,11464.4502,11.15
14-09-2020,11.35,12.25,11.05,1.076555024,1818992482,11504.9502,11.25
21-09-2020,11.25,11.4,8.55,0.924803591,2379323037,11050.25,10.3
28-09-2020,10.75,10.8,9.1,0.826815642,1430683703,11416.9502,9.25
05-10-2020,9.25,9.5,8.5,0.848629321,1033917947,11914.2002,8.9
12-10-2020,9,9,7.9,0.811083123,673500436,11762.4502,8.05
19-10-2020,8.1,9.25,7.6,0.991780822,1305436359,11930.34961,9.05
26-10-2020,9.05,9.15,8,0.992907801,935674069,11642.40039,8.75
02-11-2020,8.8,8.95,8.35,0.989928058,677658513,12263.54981,8.6
09-11-2020,8.75,8.85,8.4,1.010159652,679718165,12719.9502,8.7
16-11-2020,8.7,10.15,8.7,1.145299145,1733753365,12859.04981,10.05
23-11-2020,10.3,10.75,9.6,1.085872576,1771608112,12968.9502,9.8
30-11-2020,9.8,10.35,9.6,1.049798116,861501863,13258.54981,9.75
07-12-2020,9.8,10.35,9.45,1.054830287,1178319334,13513.84961,10.1
14-12-2020,10.25,10.4,9.7,0.992443325,1011499779,13760.54981,9.85
44186,9.95,10.65,8.9,1.02278481,1741652557,13749.25,10.1
44193,10.15,11.35,10.05,1.125628141,1899097637,13981.75,11.2
44200,11.8,12.35,11.45,1.139393939,2003183257,14347.25,11.75
44204,12.1,12.3,11.65,1.095571096,290503596,14347.25,11.75
